Flux_s,Flux_m,Flux_h,Flux_b,HR_hm,HR_ms,HR_hms,var_inter_prob,var_intra_prob,Gmag,BPmag,RPmag,Jmag,Hmag,Kmag,W1mag,W2mag,W3mag,G-BP,G-RP,G-J,G-H,G-K,BP-RP,RP-J,J-H,J-K,H-K,W1-W2,W1-W3,W2-W3
0.0707671337128791,0.0415312133651277,0.04367734225217832,0.053263482454447925,0.029206192088891296,0.08761062215701083,0.040276956404597865,0.01993985850158716,0.042100775099364454,0.03680773398622222,0.02286800967246626,0.029686488179060874,0.031227890994288927,0.04807459990678351,0.05753049466370435,0.016977184465610883,0.018172691953511746,0.014389971555027518,0.0256056654180504,0.023602039697746133,0.014478522311332362,0.013378966538177741,0.016751464961034256,0.01837392749536105,0.015009361267779839,0.036799293014738096,0.03255410071688584,0.0424946375067512,0.023092802256524995,0.016783112807591878,0.016967464595263833
0.009187737204056865,0.002722195074875724,0.004000052382614046,0.004510634213675537,0.0028106788178657734,0.0248003963580885,0.0036293632368183328,0.0018676519396660979,0.0024906113813453036,0.003132422867019609,0.002709706883241681,0.002535408476632505,0.0029731464505169153,0.002998280289850354,0.003340862878359719,0.008270691024035597,0.006963299313487329,0.006529950015784054,0.0025564736103840524,0.002380112172231706,0.001606166730022786,0.0013203739479749604,0.0016555849225984578,0.001886586264124218,0.0017698479404980897,0.002713269299865929,0.0023120469091050407,0.003688858920839734,0.01271898397372707,0.009332933793709834,0.006486784520757686
